--
-- PostgreSQL database dump
--

-- Dumped from database version 12.15 (Ubuntu 12.15-0ubuntu0.20.04.1)
-- Dumped by pg_dump version 12.15 (Ubuntu 12.15-0ubuntu0.20.04.1)

SET statement_timeout = 0;
SET lock_timeout = 0;
SET idle_in_transaction_session_timeout = 0;
SET client_encoding = 'UTF8';
SET standard_conforming_strings = on;
SELECT pg_catalog.set_config('search_path', '', false);
SET check_function_bodies = false;
SET xmloption = content;
SET client_min_messages = warning;
SET row_security = off;

SET default_tablespace = '';

SET default_table_access_method = heap;

--
-- Name: auth_group; Type: TABLE; Schema: public; Owner: ishop_admin
--

CREATE TABLE public.auth_group (
    id integer NOT NULL,
    name character varying(150) NOT NULL
);


ALTER TABLE public.auth_group OWNER TO ishop_admin;

--
-- Name: auth_group_id_seq; Type: SEQUENCE; Schema: public; Owner: ishop_admin
--

ALTER TABLE public.auth_group ALTER COLUMN id ADD GENERATED BY DEFAULT AS IDENTITY (
    SEQUENCE NAME public.auth_group_id_seq
    START WITH 1
    INCREMENT BY 1
    NO MINVALUE
    NO MAXVALUE
    CACHE 1
);


--
-- Name: auth_group_permissions; Type: TABLE; Schema: public; Owner: ishop_admin
--

CREATE TABLE public.auth_group_permissions (
    id bigint NOT NULL,
    group_id integer NOT NULL,
    permission_id integer NOT NULL
);


ALTER TABLE public.auth_group_permissions OWNER TO ishop_admin;

--
-- Name: auth_group_permissions_id_seq; Type: SEQUENCE; Schema: public; Owner: ishop_admin
--

ALTER TABLE public.auth_group_permissions ALTER COLUMN id ADD GENERATED BY DEFAULT AS IDENTITY (
    SEQUENCE NAME public.auth_group_permissions_id_seq
    START WITH 1
    INCREMENT BY 1
    NO MINVALUE
    NO MAXVALUE
    CACHE 1
);


--
-- Name: auth_permission; Type: TABLE; Schema: public; Owner: ishop_admin
--

CREATE TABLE public.auth_permission (
    id integer NOT NULL,
    name character varying(255) NOT NULL,
    content_type_id integer NOT NULL,
    codename character varying(100) NOT NULL
);


ALTER TABLE public.auth_permission OWNER TO ishop_admin;

--
-- Name: auth_permission_id_seq; Type: SEQUENCE; Schema: public; Owner: ishop_admin
--

ALTER TABLE public.auth_permission ALTER COLUMN id ADD GENERATED BY DEFAULT AS IDENTITY (
    SEQUENCE NAME public.auth_permission_id_seq
    START WITH 1
    INCREMENT BY 1
    NO MINVALUE
    NO MAXVALUE
    CACHE 1
);


--
-- Name: auth_user; Type: TABLE; Schema: public; Owner: ishop_admin
--

CREATE TABLE public.auth_user (
    id integer NOT NULL,
    password character varying(128) NOT NULL,
    last_login timestamp with time zone,
    is_superuser boolean NOT NULL,
    username character varying(150) NOT NULL,
    first_name character varying(150) NOT NULL,
    last_name character varying(150) NOT NULL,
    email character varying(254) NOT NULL,
    is_staff boolean NOT NULL,
    is_active boolean NOT NULL,
    date_joined timestamp with time zone NOT NULL
);


ALTER TABLE public.auth_user OWNER TO ishop_admin;

--
-- Name: auth_user_groups; Type: TABLE; Schema: public; Owner: ishop_admin
--

CREATE TABLE public.auth_user_groups (
    id bigint NOT NULL,
    user_id integer NOT NULL,
    group_id integer NOT NULL
);


ALTER TABLE public.auth_user_groups OWNER TO ishop_admin;

--
-- Name: auth_user_groups_id_seq; Type: SEQUENCE; Schema: public; Owner: ishop_admin
--

ALTER TABLE public.auth_user_groups ALTER COLUMN id ADD GENERATED BY DEFAULT AS IDENTITY (
    SEQUENCE NAME public.auth_user_groups_id_seq
    START WITH 1
    INCREMENT BY 1
    NO MINVALUE
    NO MAXVALUE
    CACHE 1
);


--
-- Name: auth_user_id_seq; Type: SEQUENCE; Schema: public; Owner: ishop_admin
--

ALTER TABLE public.auth_user ALTER COLUMN id ADD GENERATED BY DEFAULT AS IDENTITY (
    SEQUENCE NAME public.auth_user_id_seq
    START WITH 1
    INCREMENT BY 1
    NO MINVALUE
    NO MAXVALUE
    CACHE 1
);


--
-- Name: auth_user_user_permissions; Type: TABLE; Schema: public; Owner: ishop_admin
--

CREATE TABLE public.auth_user_user_permissions (
    id bigint NOT NULL,
    user_id integer NOT NULL,
    permission_id integer NOT NULL
);


ALTER TABLE public.auth_user_user_permissions OWNER TO ishop_admin;

--
-- Name: auth_user_user_permissions_id_seq; Type: SEQUENCE; Schema: public; Owner: ishop_admin
--

ALTER TABLE public.auth_user_user_permissions ALTER COLUMN id ADD GENERATED BY DEFAULT AS IDENTITY (
    SEQUENCE NAME public.auth_user_user_permissions_id_seq
    START WITH 1
    INCREMENT BY 1
    NO MINVALUE
    NO MAXVALUE
    CACHE 1
);


--
-- Name: django_admin_log; Type: TABLE; Schema: public; Owner: ishop_admin
--

CREATE TABLE public.django_admin_log (
    id integer NOT NULL,
    action_time timestamp with time zone NOT NULL,
    object_id text,
    object_repr character varying(200) NOT NULL,
    action_flag smallint NOT NULL,
    change_message text NOT NULL,
    content_type_id integer,
    user_id integer NOT NULL,
    CONSTRAINT django_admin_log_action_flag_check CHECK ((action_flag >= 0))
);


ALTER TABLE public.django_admin_log OWNER TO ishop_admin;

--
-- Name: django_admin_log_id_seq; Type: SEQUENCE; Schema: public; Owner: ishop_admin
--

ALTER TABLE public.django_admin_log ALTER COLUMN id ADD GENERATED BY DEFAULT AS IDENTITY (
    SEQUENCE NAME public.django_admin_log_id_seq
    START WITH 1
    INCREMENT BY 1
    NO MINVALUE
    NO MAXVALUE
    CACHE 1
);


--
-- Name: django_content_type; Type: TABLE; Schema: public; Owner: ishop_admin
--

CREATE TABLE public.django_content_type (
    id integer NOT NULL,
    app_label character varying(100) NOT NULL,
    model character varying(100) NOT NULL
);


ALTER TABLE public.django_content_type OWNER TO ishop_admin;

--
-- Name: django_content_type_id_seq; Type: SEQUENCE; Schema: public; Owner: ishop_admin
--

ALTER TABLE public.django_content_type ALTER COLUMN id ADD GENERATED BY DEFAULT AS IDENTITY (
    SEQUENCE NAME public.django_content_type_id_seq
    START WITH 1
    INCREMENT BY 1
    NO MINVALUE
    NO MAXVALUE
    CACHE 1
);


--
-- Name: django_migrations; Type: TABLE; Schema: public; Owner: ishop_admin
--

CREATE TABLE public.django_migrations (
    id bigint NOT NULL,
    app character varying(255) NOT NULL,
    name character varying(255) NOT NULL,
    applied timestamp with time zone NOT NULL
);


ALTER TABLE public.django_migrations OWNER TO ishop_admin;

--
-- Name: django_migrations_id_seq; Type: SEQUENCE; Schema: public; Owner: ishop_admin
--

ALTER TABLE public.django_migrations ALTER COLUMN id ADD GENERATED BY DEFAULT AS IDENTITY (
    SEQUENCE NAME public.django_migrations_id_seq
    START WITH 1
    INCREMENT BY 1
    NO MINVALUE
    NO MAXVALUE
    CACHE 1
);


--
-- Name: django_session; Type: TABLE; Schema: public; Owner: ishop_admin
--

CREATE TABLE public.django_session (
    session_key character varying(40) NOT NULL,
    session_data text NOT NULL,
    expire_date timestamp with time zone NOT NULL
);


ALTER TABLE public.django_session OWNER TO ishop_admin;

--
-- Name: good; Type: TABLE; Schema: public; Owner: ishop_admin
--

CREATE TABLE public.good (
    good_id integer NOT NULL,
    name character varying(100),
    category character varying(30),
    availqty integer,
    status_code character(10) DEFAULT '10'::bpchar NOT NULL
);


ALTER TABLE public.good OWNER TO ishop_admin;

--
-- Name: good_good_id_seq; Type: SEQUENCE; Schema: public; Owner: ishop_admin
--

CREATE SEQUENCE public.good_good_id_seq
    AS integer
    START WITH 1
    INCREMENT BY 1
    NO MINVALUE
    NO MAXVALUE
    CACHE 1;


ALTER TABLE public.good_good_id_seq OWNER TO ishop_admin;

--
-- Name: good_good_id_seq; Type: SEQUENCE OWNED BY; Schema: public; Owner: ishop_admin
--

ALTER SEQUENCE public.good_good_id_seq OWNED BY public.good.good_id;


--
-- Name: order_header; Type: TABLE; Schema: public; Owner: ishop_admin
--

CREATE TABLE public.order_header (
    order_id integer NOT NULL,
    city character varying(40),
    amount real,
    vat_amount real,
    quantity integer,
    weight real,
    created_on date,
    created_by character varying(20),
    customer_no character varying(20),
    status_code character(10) DEFAULT '01'::bpchar NOT NULL
);


ALTER TABLE public.order_header OWNER TO ishop_admin;

--
-- Name: order_header_order_id_seq; Type: SEQUENCE; Schema: public; Owner: ishop_admin
--

CREATE SEQUENCE public.order_header_order_id_seq
    AS integer
    START WITH 1
    INCREMENT BY 1
    NO MINVALUE
    NO MAXVALUE
    CACHE 1;


ALTER TABLE public.order_header_order_id_seq OWNER TO ishop_admin;

--
-- Name: order_header_order_id_seq; Type: SEQUENCE OWNED BY; Schema: public; Owner: ishop_admin
--

ALTER SEQUENCE public.order_header_order_id_seq OWNED BY public.order_header.order_id;


--
-- Name: order_item; Type: TABLE; Schema: public; Owner: ishop_admin
--

CREATE TABLE public.order_item (
    order_id integer,
    item_no integer,
    good_id integer,
    good_name character varying(40),
    quantity integer
);


ALTER TABLE public.order_item OWNER TO ishop_admin;

--
-- Name: good good_id; Type: DEFAULT; Schema: public; Owner: ishop_admin
--

ALTER TABLE ONLY public.good ALTER COLUMN good_id SET DEFAULT nextval('public.good_good_id_seq'::regclass);


--
-- Name: order_header order_id; Type: DEFAULT; Schema: public; Owner: ishop_admin
--

ALTER TABLE ONLY public.order_header ALTER COLUMN order_id SET DEFAULT nextval('public.order_header_order_id_seq'::regclass);


--
-- Data for Name: auth_group; Type: TABLE DATA; Schema: public; Owner: ishop_admin
--

COPY public.auth_group (id, name) FROM stdin;
\.


--
-- Data for Name: auth_group_permissions; Type: TABLE DATA; Schema: public; Owner: ishop_admin
--

COPY public.auth_group_permissions (id, group_id, permission_id) FROM stdin;
\.


--
-- Data for Name: auth_permission; Type: TABLE DATA; Schema: public; Owner: ishop_admin
--

COPY public.auth_permission (id, name, content_type_id, codename) FROM stdin;
1	Can add log entry	1	add_logentry
2	Can change log entry	1	change_logentry
3	Can delete log entry	1	delete_logentry
4	Can view log entry	1	view_logentry
5	Can add permission	2	add_permission
6	Can change permission	2	change_permission
7	Can delete permission	2	delete_permission
8	Can view permission	2	view_permission
9	Can add group	3	add_group
10	Can change group	3	change_group
11	Can delete group	3	delete_group
12	Can view group	3	view_group
13	Can add user	4	add_user
14	Can change user	4	change_user
15	Can delete user	4	delete_user
16	Can view user	4	view_user
17	Can add content type	5	add_contenttype
18	Can change content type	5	change_contenttype
19	Can delete content type	5	delete_contenttype
20	Can view content type	5	view_contenttype
21	Can add session	6	add_session
22	Can change session	6	change_session
23	Can delete session	6	delete_session
24	Can view session	6	view_session
\.


--
-- Data for Name: auth_user; Type: TABLE DATA; Schema: public; Owner: ishop_admin
--

COPY public.auth_user (id, password, last_login, is_superuser, username, first_name, last_name, email, is_staff, is_active, date_joined) FROM stdin;
1	pbkdf2_sha256$600000$TfBJeg5lfY4KK6NPX94R8A$ktxpLbrfFJoozO4e01+gnw5cCD8qnK0QKNaQrrNlvII=	\N	t	www				t	t	2023-04-16 15:10:01.002688+03
\.


--
-- Data for Name: auth_user_groups; Type: TABLE DATA; Schema: public; Owner: ishop_admin
--

COPY public.auth_user_groups (id, user_id, group_id) FROM stdin;
\.


--
-- Data for Name: auth_user_user_permissions; Type: TABLE DATA; Schema: public; Owner: ishop_admin
--

COPY public.auth_user_user_permissions (id, user_id, permission_id) FROM stdin;
\.


--
-- Data for Name: django_admin_log; Type: TABLE DATA; Schema: public; Owner: ishop_admin
--

COPY public.django_admin_log (id, action_time, object_id, object_repr, action_flag, change_message, content_type_id, user_id) FROM stdin;
\.


--
-- Data for Name: django_content_type; Type: TABLE DATA; Schema: public; Owner: ishop_admin
--

COPY public.django_content_type (id, app_label, model) FROM stdin;
1	admin	logentry
2	auth	permission
3	auth	group
4	auth	user
5	contenttypes	contenttype
6	sessions	session
\.


--
-- Data for Name: django_migrations; Type: TABLE DATA; Schema: public; Owner: ishop_admin
--

COPY public.django_migrations (id, app, name, applied) FROM stdin;
1	contenttypes	0001_initial	2023-04-16 15:09:13.252937+03
2	auth	0001_initial	2023-04-16 15:09:13.451145+03
3	admin	0001_initial	2023-04-16 15:09:13.512128+03
4	admin	0002_logentry_remove_auto_add	2023-04-16 15:09:13.524198+03
5	admin	0003_logentry_add_action_flag_choices	2023-04-16 15:09:13.536287+03
6	contenttypes	0002_remove_content_type_name	2023-04-16 15:09:13.557512+03
7	auth	0002_alter_permission_name_max_length	2023-04-16 15:09:13.569681+03
8	auth	0003_alter_user_email_max_length	2023-04-16 15:09:13.582145+03
9	auth	0004_alter_user_username_opts	2023-04-16 15:09:13.597577+03
10	auth	0005_alter_user_last_login_null	2023-04-16 15:09:13.614767+03
11	auth	0006_require_contenttypes_0002	2023-04-16 15:09:13.623505+03
12	auth	0007_alter_validators_add_error_messages	2023-04-16 15:09:13.639193+03
13	auth	0008_alter_user_username_max_length	2023-04-16 15:09:13.667503+03
14	auth	0009_alter_user_last_name_max_length	2023-04-16 15:09:13.686499+03
15	auth	0010_alter_group_name_max_length	2023-04-16 15:09:13.712282+03
16	auth	0011_update_proxy_permissions	2023-04-16 15:09:13.731521+03
17	auth	0012_alter_user_first_name_max_length	2023-04-16 15:09:13.750284+03
18	sessions	0001_initial	2023-04-16 15:09:13.789802+03
\.


--
-- Data for Name: django_session; Type: TABLE DATA; Schema: public; Owner: ishop_admin
--

COPY public.django_session (session_key, session_data, expire_date) FROM stdin;
\.


--
-- Data for Name: good; Type: TABLE DATA; Schema: public; Owner: ishop_admin
--

COPY public.good (good_id, name, category, availqty, status_code) FROM stdin;
1	light	\N	10	10        
5	Chair	\N	9	10        
9	Chair	19	35	10        
4	Pen	\N	200	10        
10	Chair	19	35	10        
7	Chair	19	55	10        
8	Chair	19	55	10        
11	Chair	99	15	10        
12	Chair big	999	125	10        
13	Chair big	999	125	10        
14	Chair big	999	125	10        
15	Chair big big	999	125	10        
16	Chair big big	999	125	10        
17	Chair big big	999	125	10        
18	Chair big big	999	125	10        
20	Chair big big	999	125	10        
21	Chair big big	999	125	10        
22	Chair big big	999	125	10        
23	Chair big big	999	125	10        
25	Chair big big	999	125	10        
26	Chair big big	999	125	10        
3	Desk	10	20	10        
27	Chair big big	999	125	10        
28	Chair big big	999	125	10        
29	Chair big big	999	125	10        
30	Chair big big	999	125	10        
31	Chair big big	999	125	10        
33	Chair big big	999	125	10        
34	Chair big big	999	125	10        
35	Chair big big	999	125	10        
37	Chair big big	999	125	10        
36	Chair	19	55	10        
\.


--
-- Data for Name: order_header; Type: TABLE DATA; Schema: public; Owner: ishop_admin
--

COPY public.order_header (order_id, city, amount, vat_amount, quantity, weight, created_on, created_by, customer_no, status_code) FROM stdin;
13	Moscow	1000	200	15	8	2023-05-01	user	985643	01        
14	Moscow	1000	200	15	8	2023-05-03	user	985643	01        
15	Moscow	1000	200	15	8	2023-05-03	user	985643	01        
16	Moscow	1000	200	15	8	2023-05-03	user	985643	01        
17	Moscow	1000	200	15	8	2023-05-03	user	985643	01        
18	Moscow	1000	200	15	8	2023-05-03	user	985643	01        
19	Moscow	1000	200	15	8	2023-05-03	user	985643	01        
20	Moscow	1000	200	15	8	2023-05-03	user	985643	01        
21	Moscow	1000	200	15	8	2023-05-03	user	985643	01        
23	Moscow	1000	200	15	8	2023-05-03	user	985643	01        
24	Moscow	1000	200	15	8	2023-05-03	user	985643	01        
26	Moscow	1000	200	15	8	2023-05-03	user	985643	01        
27	Moscow	1000	200	15	8	2023-05-03	user	985643	01        
28	Moscow	1000	200	15	8	2023-05-03	user	985643	01        
29	Moscow	1000	200	15	8	2023-05-03	user	985643	01        
30	Moscow	1000	200	15	8	2023-05-03	user	985643	01        
31	Moscow	1000	200	15	8	2023-05-03	user	985643	01        
32	Moscow	1000	200	15	8	2023-05-03	user	985643	01        
33	Moscow	1000	200	15	8	2023-05-03	user	985643	01        
34	Moscow	1000	200	15	8	2023-05-03	user	985643	01        
35	Moscow	1000	200	15	8	2023-05-06	user	985643	01        
36	Moscow	1000	200	15	8	2023-05-06	user	985643	01        
37	Moscow	1000	200	15	8	2023-05-06	user	985643	01        
38	Moscow	1000	200	15	8	2023-05-06	user	985643	01        
39	Moscow	1000	200	15	8	2023-05-06	user	985643	01        
40	Moscow	1000	200	15	8	2023-05-06	user	985643	01        
41	Moscow	1000	200	15	8	2023-05-06	user	985643	01        
42	Moscow	1000	200	15	8	2023-05-06	user	985643	01        
43	Moscow	1000	200	15	8	2023-05-06	user	985643	01        
44	Moscow	1000	200	15	8	2023-05-06	user	985643	01        
45	Moscow	1000	200	15	8	2023-05-06	user	985643	01        
46	Moscow	1000	200	15	8	2023-05-06	user	985643	01        
47	Moscow	1000	200	15	8	2023-05-06	user	985643	01        
48	Moscow	1000	200	15	8	2023-05-06	user	985643	01        
49	Moscow	1000	200	15	8	2023-05-06	user	985643	01        
50	Moscow	1000	200	15	8	2023-05-06	user	985643	01        
51	Moscow	1000	200	15	8	2023-05-06	user	985643	01        
52	Moscow	1000	200	15	8	2023-05-06	user	985643	01        
53	Moscow	1000	200	15	8	2023-05-06	user	985643	01        
54	Moscow	1000	200	15	8	2023-05-06	user	985643	01        
55	Moscow	1000	200	15	8	2023-05-06	user	985643	01        
56	Moscow	1000	200	15	8	2023-05-06	user	985643	01        
57	Moscow	1000	200	15	8	2023-05-06	user	985643	01        
58	Moscow	1000	200	15	8	2023-05-06	user	985643	01        
59	Moscow	1000	200	15	8	2023-05-06	user	985643	01        
60	Moscow	1000	200	15	8	2023-05-06	user	985643	01        
61	Moscow	1000	200	15	8	2023-05-06	user	985643	01        
62	Moscow	1000	200	15	8	2023-05-06	user	985643	01        
63	Moscow	1000	200	15	8	2023-05-06	user	985643	01        
64	Moscow	1000	200	15	8	2023-05-06	user	985643	01        
65	Moscow	1000	200	15	8	2023-05-06	user	985643	01        
66	Moscow	1000	200	15	8	2023-05-06	user	985643	01        
67	Moscow	1000	200	15	8	2023-05-06	user	985643	01        
68	Moscow	1000	200	15	8	2023-05-06	user	985643	01        
69	Moscow	1000	200	15	8	2023-05-06	user	985643	01        
70	Moscow	1000	200	15	8	2023-05-07	user	985643	01        
22	Moscow	1000	200	15	8	2023-05-03	user	985643	01        
25	Moscow	1000	200	15	8	2023-05-03	user	985643	01        
71	Moscow	1000	200	15	8	2023-05-07	user	985643	01        
12	Moscow	28000	4500	390	280	2023-04-26	user	985643	10        
72	Moscow	1000	200	15	8	2023-05-31	user	985643	01        
73	Moscow	1000	200	15	8	2023-05-31	user	985643	01        
98564362	Moscow	1000	200	15	8	2023-05-31	user	985643	01        
98564363	Moscow	1000	200	15	8	2023-05-31	user	985643	5         
\.


--
-- Data for Name: order_item; Type: TABLE DATA; Schema: public; Owner: ishop_admin
--

COPY public.order_item (order_id, item_no, good_id, good_name, quantity) FROM stdin;
12	10	5647	test1	70
12	20	9647	test2	220
13	10	5647	laptop	10
13	20	9647	Chair	2
15	10	5647	laptop	10
15	20	9647	Chair	2
16	10	5647	laptop	10
16	20	9647	Chair	2
17	10	5647	laptop	10
17	20	9647	Chair	2
18	10	5647	laptop	10
18	20	9647	Chair	2
19	10	5647	laptop	10
19	20	9647	Chair	2
20	10	5647	laptop	10
20	20	9647	Chair	2
21	10	5647	laptop	10
21	20	9647	Chair	2
22	10	5647	laptop	10
22	20	9647	Chair	2
23	10	5647	laptop	10
23	20	9647	Chair	2
24	10	5647	laptop	10
24	20	9647	Chair	2
25	10	5647	laptop	10
25	20	9647	Chair	2
26	10	5647	laptop	10
26	20	9647	Chair	2
27	10	5647	laptop	10
27	20	9647	Chair	2
28	10	5647	laptop	10
28	20	9647	Chair	2
29	10	5647	laptop	10
29	20	9647	Chair	2
35	10	5647	laptop	10
35	20	9647	Chair	2
36	10	5647	laptop	10
36	20	9647	Chair	2
37	10	5647	laptop	10
37	20	9647	Chair	2
38	10	5647	laptop	10
38	20	9647	Chair	2
39	10	5647	laptop	10
39	20	9647	Chair	2
40	10	5647	laptop	10
40	20	9647	Chair	2
41	10	5647	laptop	10
41	20	9647	Chair	2
42	10	5647	laptop	10
42	20	9647	Chair	2
43	10	5647	laptop	10
43	20	9647	Chair	2
44	10	5647	laptop	10
44	20	9647	Chair	2
45	10	5647	laptop	10
45	20	9647	Chair	2
46	10	5647	laptop	10
46	20	9647	Chair	2
47	10	5647	laptop	10
47	20	9647	Chair	2
48	10	5647	laptop	10
48	20	9647	Chair	2
49	10	5647	laptop	10
49	20	9647	Chair	2
50	10	5647	laptop	10
50	20	9647	Chair	2
51	10	5647	laptop	10
51	20	9647	Chair	2
52	10	5647	laptop	10
52	20	9647	Chair	2
53	10	5647	laptop	10
53	20	9647	Chair	2
54	10	5647	laptop	10
54	20	9647	Chair	2
55	10	5647	laptop	10
55	20	9647	Chair	2
56	10	5647	laptop	10
56	20	9647	Chair	2
57	10	5647	laptop	10
57	20	9647	Chair	2
58	10	5647	laptop	10
58	20	9647	Chair	2
59	10	5647	laptop	10
59	20	9647	Chair	2
60	10	5647	laptop	10
60	20	9647	Chair	2
61	10	5647	laptop	10
61	20	9647	Chair	2
62	10	5647	laptop	10
62	20	9647	Chair	2
63	10	5647	laptop	10
63	20	9647	Chair	2
64	10	5647	laptop	10
64	20	9647	Chair	2
65	10	5647	laptop	10
65	20	9647	Chair	2
66	10	5647	laptop	10
66	20	9647	Chair	2
67	10	5647	laptop	10
67	20	9647	Chair	2
68	10	5647	laptop	10
68	20	9647	Chair	2
69	10	5647	laptop	10
69	20	9647	Chair	2
70	10	5647	laptop	10
70	20	9647	Chair	2
23	30	1647	Chair	45
71	10	5647	laptop	10
71	20	9647	Chair	2
98564363	10	5647	laptop	10
98564363	20	9647	Chair	2
98564363	30	1647	Chair	45
\.


--
-- Name: auth_group_id_seq; Type: SEQUENCE SET; Schema: public; Owner: ishop_admin
--

SELECT pg_catalog.setval('public.auth_group_id_seq', 1, false);


--
-- Name: auth_group_permissions_id_seq; Type: SEQUENCE SET; Schema: public; Owner: ishop_admin
--

SELECT pg_catalog.setval('public.auth_group_permissions_id_seq', 1, false);


--
-- Name: auth_permission_id_seq; Type: SEQUENCE SET; Schema: public; Owner: ishop_admin
--

SELECT pg_catalog.setval('public.auth_permission_id_seq', 24, true);


--
-- Name: auth_user_groups_id_seq; Type: SEQUENCE SET; Schema: public; Owner: ishop_admin
--

SELECT pg_catalog.setval('public.auth_user_groups_id_seq', 1, false);


--
-- Name: auth_user_id_seq; Type: SEQUENCE SET; Schema: public; Owner: ishop_admin
--

SELECT pg_catalog.setval('public.auth_user_id_seq', 1, true);


--
-- Name: auth_user_user_permissions_id_seq; Type: SEQUENCE SET; Schema: public; Owner: ishop_admin
--

SELECT pg_catalog.setval('public.auth_user_user_permissions_id_seq', 1, false);


--
-- Name: django_admin_log_id_seq; Type: SEQUENCE SET; Schema: public; Owner: ishop_admin
--

SELECT pg_catalog.setval('public.django_admin_log_id_seq', 1, false);


--
-- Name: django_content_type_id_seq; Type: SEQUENCE SET; Schema: public; Owner: ishop_admin
--

SELECT pg_catalog.setval('public.django_content_type_id_seq', 6, true);


--
-- Name: django_migrations_id_seq; Type: SEQUENCE SET; Schema: public; Owner: ishop_admin
--

SELECT pg_catalog.setval('public.django_migrations_id_seq', 18, true);


--
-- Name: good_good_id_seq; Type: SEQUENCE SET; Schema: public; Owner: ishop_admin
--

SELECT pg_catalog.setval('public.good_good_id_seq', 37, true);


--
-- Name: order_header_order_id_seq; Type: SEQUENCE SET; Schema: public; Owner: ishop_admin
--

SELECT pg_catalog.setval('public.order_header_order_id_seq', 73, true);


--
-- Name: auth_group auth_group_name_key; Type: CONSTRAINT; Schema: public; Owner: ishop_admin
--

ALTER TABLE ONLY public.auth_group
    ADD CONSTRAINT auth_group_name_key UNIQUE (name);


--
-- Name: auth_group_permissions auth_group_permissions_group_id_permission_id_0cd325b0_uniq; Type: CONSTRAINT; Schema: public; Owner: ishop_admin
--

ALTER TABLE ONLY public.auth_group_permissions
    ADD CONSTRAINT auth_group_permissions_group_id_permission_id_0cd325b0_uniq UNIQUE (group_id, permission_id);


--
-- Name: auth_group_permissions auth_group_permissions_pkey; Type: CONSTRAINT; Schema: public; Owner: ishop_admin
--

ALTER TABLE ONLY public.auth_group_permissions
    ADD CONSTRAINT auth_group_permissions_pkey PRIMARY KEY (id);


--
-- Name: auth_group auth_group_pkey; Type: CONSTRAINT; Schema: public; Owner: ishop_admin
--

ALTER TABLE ONLY public.auth_group
    ADD CONSTRAINT auth_group_pkey PRIMARY KEY (id);


--
-- Name: auth_permission auth_permission_content_type_id_codename_01ab375a_uniq; Type: CONSTRAINT; Schema: public; Owner: ishop_admin
--

ALTER TABLE ONLY public.auth_permission
    ADD CONSTRAINT auth_permission_content_type_id_codename_01ab375a_uniq UNIQUE (content_type_id, codename);


--
-- Name: auth_permission auth_permission_pkey; Type: CONSTRAINT; Schema: public; Owner: ishop_admin
--

ALTER TABLE ONLY public.auth_permission
    ADD CONSTRAINT auth_permission_pkey PRIMARY KEY (id);


--
-- Name: auth_user_groups auth_user_groups_pkey; Type: CONSTRAINT; Schema: public; Owner: ishop_admin
--

ALTER TABLE ONLY public.auth_user_groups
    ADD CONSTRAINT auth_user_groups_pkey PRIMARY KEY (id);


--
-- Name: auth_user_groups auth_user_groups_user_id_group_id_94350c0c_uniq; Type: CONSTRAINT; Schema: public; Owner: ishop_admin
--

ALTER TABLE ONLY public.auth_user_groups
    ADD CONSTRAINT auth_user_groups_user_id_group_id_94350c0c_uniq UNIQUE (user_id, group_id);


--
-- Name: auth_user auth_user_pkey; Type: CONSTRAINT; Schema: public; Owner: ishop_admin
--

ALTER TABLE ONLY public.auth_user
    ADD CONSTRAINT auth_user_pkey PRIMARY KEY (id);


--
-- Name: auth_user_user_permissions auth_user_user_permissions_pkey; Type: CONSTRAINT; Schema: public; Owner: ishop_admin
--

ALTER TABLE ONLY public.auth_user_user_permissions
    ADD CONSTRAINT auth_user_user_permissions_pkey PRIMARY KEY (id);


--
-- Name: auth_user_user_permissions auth_user_user_permissions_user_id_permission_id_14a6b632_uniq; Type: CONSTRAINT; Schema: public; Owner: ishop_admin
--

ALTER TABLE ONLY public.auth_user_user_permissions
    ADD CONSTRAINT auth_user_user_permissions_user_id_permission_id_14a6b632_uniq UNIQUE (user_id, permission_id);


--
-- Name: auth_user auth_user_username_key; Type: CONSTRAINT; Schema: public; Owner: ishop_admin
--

ALTER TABLE ONLY public.auth_user
    ADD CONSTRAINT auth_user_username_key UNIQUE (username);


--
-- Name: django_admin_log django_admin_log_pkey; Type: CONSTRAINT; Schema: public; Owner: ishop_admin
--

ALTER TABLE ONLY public.django_admin_log
    ADD CONSTRAINT django_admin_log_pkey PRIMARY KEY (id);


--
-- Name: django_content_type django_content_type_app_label_model_76bd3d3b_uniq; Type: CONSTRAINT; Schema: public; Owner: ishop_admin
--

ALTER TABLE ONLY public.django_content_type
    ADD CONSTRAINT django_content_type_app_label_model_76bd3d3b_uniq UNIQUE (app_label, model);


--
-- Name: django_content_type django_content_type_pkey; Type: CONSTRAINT; Schema: public; Owner: ishop_admin
--

ALTER TABLE ONLY public.django_content_type
    ADD CONSTRAINT django_content_type_pkey PRIMARY KEY (id);


--
-- Name: django_migrations django_migrations_pkey; Type: CONSTRAINT; Schema: public; Owner: ishop_admin
--

ALTER TABLE ONLY public.django_migrations
    ADD CONSTRAINT django_migrations_pkey PRIMARY KEY (id);


--
-- Name: django_session django_session_pkey; Type: CONSTRAINT; Schema: public; Owner: ishop_admin
--

ALTER TABLE ONLY public.django_session
    ADD CONSTRAINT django_session_pkey PRIMARY KEY (session_key);


--
-- Name: auth_group_name_a6ea08ec_like; Type: INDEX; Schema: public; Owner: ishop_admin
--

CREATE INDEX auth_group_name_a6ea08ec_like ON public.auth_group USING btree (name varchar_pattern_ops);


--
-- Name: auth_group_permissions_group_id_b120cbf9; Type: INDEX; Schema: public; Owner: ishop_admin
--

CREATE INDEX auth_group_permissions_group_id_b120cbf9 ON public.auth_group_permissions USING btree (group_id);


--
-- Name: auth_group_permissions_permission_id_84c5c92e; Type: INDEX; Schema: public; Owner: ishop_admin
--

CREATE INDEX auth_group_permissions_permission_id_84c5c92e ON public.auth_group_permissions USING btree (permission_id);


--
-- Name: auth_permission_content_type_id_2f476e4b; Type: INDEX; Schema: public; Owner: ishop_admin
--

CREATE INDEX auth_permission_content_type_id_2f476e4b ON public.auth_permission USING btree (content_type_id);


--
-- Name: auth_user_groups_group_id_97559544; Type: INDEX; Schema: public; Owner: ishop_admin
--

CREATE INDEX auth_user_groups_group_id_97559544 ON public.auth_user_groups USING btree (group_id);


--
-- Name: auth_user_groups_user_id_6a12ed8b; Type: INDEX; Schema: public; Owner: ishop_admin
--

CREATE INDEX auth_user_groups_user_id_6a12ed8b ON public.auth_user_groups USING btree (user_id);


--
-- Name: auth_user_user_permissions_permission_id_1fbb5f2c; Type: INDEX; Schema: public; Owner: ishop_admin
--

CREATE INDEX auth_user_user_permissions_permission_id_1fbb5f2c ON public.auth_user_user_permissions USING btree (permission_id);


--
-- Name: auth_user_user_permissions_user_id_a95ead1b; Type: INDEX; Schema: public; Owner: ishop_admin
--

CREATE INDEX auth_user_user_permissions_user_id_a95ead1b ON public.auth_user_user_permissions USING btree (user_id);


--
-- Name: auth_user_username_6821ab7c_like; Type: INDEX; Schema: public; Owner: ishop_admin
--

CREATE INDEX auth_user_username_6821ab7c_like ON public.auth_user USING btree (username varchar_pattern_ops);


--
-- Name: django_admin_log_content_type_id_c4bce8eb; Type: INDEX; Schema: public; Owner: ishop_admin
--

CREATE INDEX django_admin_log_content_type_id_c4bce8eb ON public.django_admin_log USING btree (content_type_id);


--
-- Name: django_admin_log_user_id_c564eba6; Type: INDEX; Schema: public; Owner: ishop_admin
--

CREATE INDEX django_admin_log_user_id_c564eba6 ON public.django_admin_log USING btree (user_id);


--
-- Name: django_session_expire_date_a5c62663; Type: INDEX; Schema: public; Owner: ishop_admin
--

CREATE INDEX django_session_expire_date_a5c62663 ON public.django_session USING btree (expire_date);


--
-- Name: django_session_session_key_c0390e0f_like; Type: INDEX; Schema: public; Owner: ishop_admin
--

CREATE INDEX django_session_session_key_c0390e0f_like ON public.django_session USING btree (session_key varchar_pattern_ops);


--
-- Name: auth_group_permissions auth_group_permissio_permission_id_84c5c92e_fk_auth_perm; Type: FK CONSTRAINT; Schema: public; Owner: ishop_admin
--

ALTER TABLE ONLY public.auth_group_permissions
    ADD CONSTRAINT auth_group_permissio_permission_id_84c5c92e_fk_auth_perm FOREIGN KEY (permission_id) REFERENCES public.auth_permission(id) DEFERRABLE INITIALLY DEFERRED;


--
-- Name: auth_group_permissions auth_group_permissions_group_id_b120cbf9_fk_auth_group_id; Type: FK CONSTRAINT; Schema: public; Owner: ishop_admin
--

ALTER TABLE ONLY public.auth_group_permissions
    ADD CONSTRAINT auth_group_permissions_group_id_b120cbf9_fk_auth_group_id FOREIGN KEY (group_id) REFERENCES public.auth_group(id) DEFERRABLE INITIALLY DEFERRED;


--
-- Name: auth_permission auth_permission_content_type_id_2f476e4b_fk_django_co; Type: FK CONSTRAINT; Schema: public; Owner: ishop_admin
--

ALTER TABLE ONLY public.auth_permission
    ADD CONSTRAINT auth_permission_content_type_id_2f476e4b_fk_django_co FOREIGN KEY (content_type_id) REFERENCES public.django_content_type(id) DEFERRABLE INITIALLY DEFERRED;


--
-- Name: auth_user_groups auth_user_groups_group_id_97559544_fk_auth_group_id; Type: FK CONSTRAINT; Schema: public; Owner: ishop_admin
--

ALTER TABLE ONLY public.auth_user_groups
    ADD CONSTRAINT auth_user_groups_group_id_97559544_fk_auth_group_id FOREIGN KEY (group_id) REFERENCES public.auth_group(id) DEFERRABLE INITIALLY DEFERRED;


--
-- Name: auth_user_groups auth_user_groups_user_id_6a12ed8b_fk_auth_user_id; Type: FK CONSTRAINT; Schema: public; Owner: ishop_admin
--

ALTER TABLE ONLY public.auth_user_groups
    ADD CONSTRAINT auth_user_groups_user_id_6a12ed8b_fk_auth_user_id FOREIGN KEY (user_id) REFERENCES public.auth_user(id) DEFERRABLE INITIALLY DEFERRED;


--
-- Name: auth_user_user_permissions auth_user_user_permi_permission_id_1fbb5f2c_fk_auth_perm; Type: FK CONSTRAINT; Schema: public; Owner: ishop_admin
--

ALTER TABLE ONLY public.auth_user_user_permissions
    ADD CONSTRAINT auth_user_user_permi_permission_id_1fbb5f2c_fk_auth_perm FOREIGN KEY (permission_id) REFERENCES public.auth_permission(id) DEFERRABLE INITIALLY DEFERRED;


--
-- Name: auth_user_user_permissions auth_user_user_permissions_user_id_a95ead1b_fk_auth_user_id; Type: FK CONSTRAINT; Schema: public; Owner: ishop_admin
--

ALTER TABLE ONLY public.auth_user_user_permissions
    ADD CONSTRAINT auth_user_user_permissions_user_id_a95ead1b_fk_auth_user_id FOREIGN KEY (user_id) REFERENCES public.auth_user(id) DEFERRABLE INITIALLY DEFERRED;


--
-- Name: django_admin_log django_admin_log_content_type_id_c4bce8eb_fk_django_co; Type: FK CONSTRAINT; Schema: public; Owner: ishop_admin
--

ALTER TABLE ONLY public.django_admin_log
    ADD CONSTRAINT django_admin_log_content_type_id_c4bce8eb_fk_django_co FOREIGN KEY (content_type_id) REFERENCES public.django_content_type(id) DEFERRABLE INITIALLY DEFERRED;


--
-- Name: django_admin_log django_admin_log_user_id_c564eba6_fk_auth_user_id; Type: FK CONSTRAINT; Schema: public; Owner: ishop_admin
--

ALTER TABLE ONLY public.django_admin_log
    ADD CONSTRAINT django_admin_log_user_id_c564eba6_fk_auth_user_id FOREIGN KEY (user_id) REFERENCES public.auth_user(id) DEFERRABLE INITIALLY DEFERRED;


--
-- PostgreSQL database dump complete
--

